<?xml version="1.0"?>
<?xml-stylesheet type="text/xsl" href="configuration.xsl"?>

<!-- Put site-specific property overrides in this file. -->

<configuration>

<property>
  <name>dfs.safemode.threshold.pct</name>
  <value>0</value>
</property>

<property>
  <name>dfs.replication</name><value>3</value>
  <description>default block replication.
  the actual number of replications can be specified when the file is created.
  the default is used if replication is not specified in create time.
  </description>
</property>


<property>
  <name>dfs.block.size</name><value>67108864</value>
</property>


<property>
  <name>dfs.datanode.handler.count</name><value>3</value>
</property>

<property>
  <name>dfs.namenode.handler.count</name><value>10</value>
</property>

<property>
  <name>dfs.datanode.max.xcievers</name><value>256</value>
</property>

</configuration>
