<?xml version="1.0"?>
<?xml-stylesheet type="text/xsl" href="configuration.xsl"?>

<!-- Put site-specific property overrides in this file. -->

<configuration>

<property>
  <name>mapred.job.tracker</name>
  <value>gpu-014.davinci.rice.edu:54311</value>
  <description>The host and port that the MapReduce job tracker runs at.  
  If "local", then jobs are run in-process as a single map and reduce task.
</description>
</property>


<property>
  <name>mapred.reduce.parallel.copies</name><value>5</value>
  <description>The default number of parallel transfers run by reduce during the copy(shuffle) phase.
  </description>
</property>


<property>
  <name>task.tracker.http.threads</name><value>40</value>
  <description>The default number of parallel transfers run by reduce during the copy(shuffle) phase.
  </description>
</property>

<property>
  <name>mapred.combine.chunking</name><value>60000</value>
</property>

<property>
  <name>io.sort.spill.percent</name><value>0.5</value>
</property>

<property>
  <name>mapred.reduce.tasks</name><value>2</value>
</property>

<property>
  <name>mapred.map.tasks</name><value>12</value>
</property>

<property>
  <name>opencl.mapper.gpumult</name><value>0</value>
</property>

<property>
  <name>opencl.mapper.cpumult</name><value>0</value>
</property>

<property>
  <name>opencl.reducer.gpumult</name><value>0</value>
</property>

<property>
  <name>opencl.reducer.cpumult</name><value>0</value>
</property>

<property>
  <name>mapred.tasktracker.map.tasks.maximum</name><value>12</value>
</property>

<property>
  <name>mapred.tasktracker.reduce.tasks.maximum</name><value>2</value>
</property>

<property>
  <name>mapred.map.tasks.speculative.execution</name>
  <value>true</value>
</property>

<property>
  <name>mapred.reduce.tasks.speculative.execution</name>
  <value>true</value>
</property>

<property>
  <!--name>mapred.task.timeout</name><value>120000</value-->
  <name>mapred.task.timeout</name><value>2400000</value>
</property>

<property>
  <name>mapred.child.java.opts</name><value>-Xms4G -Xmx16G -Dopencl.mapper.groups.gpu=0 -Dopencl.mapper.groups.cpu=0 -Dopencl.mapper.threadsPerGroup.gpu=0 -Dopencl.mapper.threadsPerGroup.cpu=0 -Dopencl.mapper.buffers.gpu=0 -Dopencl.mapper.buffers.cpu=0 -Dopencl.mapper.bufferSize.gpu=0 -Dopencl.mapper.bufferSize.cpu=0 -Dopencl.reducer.groups.gpu=0 -Dopencl.reducer.groups.cpu=0 -Dopencl.reducer.threadsPerGroup.gpu=0 -Dopencl.reducer.threadsPerGroup.cpu=0 -Dopencl.reducer.buffers.gpu=0 -Dopencl.reducer.buffers.cpu=0 -Dopencl.reducer.bufferSize.gpu=0 -Dopencl.reducer.bufferSize.cpu=0 -Dopencl.scheduler=BALANCED -Dopencl.vectorsToBuffer=512</value>
</property>

<property>
  <name>mapred.map.tasks.speculative.execution</name><value>false</value>
</property>

<property>
  <name>mapred.reduce.tasks.speculative.execution</name><value>false</value>
</property>

<property>
  <name>mapred.user.jobconf.limit</name><value>10485760</value>
</property>

<property>
  <name>mapreduce.map.ocl_scheduler</name><value>org.apache.hadoop.mapreduce.HadoopCLBalanceScheduler</value>
</property>

<property>
  <name>mapreduce.reduce.ocl_scheduler</name><value>org.apache.hadoop.mapreduce.HadoopCLBalanceScheduler</value>
</property>

<property>
  <name>dfs.datanode.max.xcievers</name><value>1024</value>
</property>

</configuration>
